-- phpMyAdmin SQL Dump
-- version 5.2.1
-- https://www.phpmyadmin.net/
--
-- Host: 127.0.0.1
-- Generation Time: Sep 15, 2024 at 03:59 PM
-- Server version: 10.4.28-MariaDB
-- PHP Version: 8.0.28

SET SQL_MODE = "NO_AUTO_VALUE_ON_ZERO";
START TRANSACTION;
SET time_zone = "+00:00";


/*!40101 SET @OLD_CHARACTER_SET_CLIENT=@@CHARACTER_SET_CLIENT */;
/*!40101 SET @OLD_CHARACTER_SET_RESULTS=@@CHARACTER_SET_RESULTS */;
/*!40101 SET @OLD_COLLATION_CONNECTION=@@COLLATION_CONNECTION */;
/*!40101 SET NAMES utf8mb4 */;

--
-- Database: `restaurantdb`
--

-- --------------------------------------------------------

--
-- Table structure for table `booking_history`
--

CREATE TABLE `booking_history` (
  `booking_id` int(11) NOT NULL,
  `user_id` int(11) DEFAULT NULL,
  `booking_code` varchar(50) DEFAULT NULL,
  `booking_time` datetime DEFAULT NULL,
  `booking_day` date DEFAULT NULL
) ENGINE=InnoDB DEFAULT CHARSET=utf8mb4 COLLATE=utf8mb4_general_ci;

-- --------------------------------------------------------

--
-- Table structure for table `dishes`
--

CREATE TABLE `dishes` (
  `dish_id` int(11) NOT NULL,
  `dish_name` varchar(100) NOT NULL,
  `dish_sold_count` int(11) DEFAULT NULL
) ENGINE=InnoDB DEFAULT CHARSET=utf8mb4 COLLATE=utf8mb4_general_ci;

-- --------------------------------------------------------

--
-- Table structure for table `ingredient`
--

CREATE TABLE `ingredient` (
  `ingredient_id` int(11) NOT NULL,
  `ingredient_name` varchar(100) NOT NULL,
  `ingredient_number` int(11) DEFAULT NULL,
  `price` decimal(10,2) DEFAULT NULL
) ENGINE=InnoDB DEFAULT CHARSET=utf8mb4 COLLATE=utf8mb4_general_ci;

-- --------------------------------------------------------

--
-- Table structure for table `menu`
--

CREATE TABLE `menu` (
  `dish_id` int(11) NOT NULL,
  `dish_name` varchar(100) NOT NULL,
  `dish_describe` text DEFAULT NULL,
  `price` decimal(10,2) NOT NULL
) ENGINE=InnoDB DEFAULT CHARSET=utf8mb4 COLLATE=utf8mb4_general_ci;

--
-- Dumping data for table `menu`
--

INSERT INTO `menu` (`dish_id`, `dish_name`, `dish_describe`, `price`) VALUES
(1, 'chicken Wing', 'gà ngon ', 20000.00),
(2, 'sodfhohi', 'k ngon', 100000.00);

-- --------------------------------------------------------

--
-- Table structure for table `orders`
--

CREATE TABLE `orders` (
  `id` int(11) NOT NULL,
  `table_id` int(11) NOT NULL,
  `dish_id` int(11) NOT NULL,
  `quantity` int(11) DEFAULT 1
) ENGINE=InnoDB DEFAULT CHARSET=utf8mb4 COLLATE=utf8mb4_general_ci;

--
-- Dumping data for table `orders`
--

INSERT INTO `orders` (`id`, `table_id`, `dish_id`, `quantity`) VALUES
(6, 5, 1, 1),
(7, 5, 2, 1),
(19, 2, 1, 2),
(20, 2, 2, 1),
(31, 21, 1, 1),
(38, 1, 1, 6),
(39, 1, 2, 1);

-- --------------------------------------------------------

--
-- Table structure for table `order_history`
--

CREATE TABLE `order_history` (
  `order_id` int(11) NOT NULL,
  `table_id` int(11) DEFAULT NULL,
  `dish_id` int(11) DEFAULT NULL,
  `total` decimal(10,2) DEFAULT NULL,
  `status` varchar(50) DEFAULT NULL
) ENGINE=InnoDB DEFAULT CHARSET=utf8mb4 COLLATE=utf8mb4_general_ci;

-- --------------------------------------------------------

--
-- Table structure for table `restaurant_table`
--

CREATE TABLE `restaurant_table` (
  `table_id` int(11) NOT NULL,
  `table_number` int(11) NOT NULL,
  `status` varchar(20) DEFAULT 'empty'
) ENGINE=InnoDB DEFAULT CHARSET=utf8mb4 COLLATE=utf8mb4_general_ci;

--
-- Dumping data for table `restaurant_table`
--

INSERT INTO `restaurant_table` (`table_id`, `table_number`, `status`) VALUES
(1, 1, 'occupied'),
(2, 2, 'occupied'),
(3, 3, 'occupied'),
(4, 4, 'occupied'),
(5, 5, 'occupied'),
(6, 6, 'occupied'),
(7, 7, 'occupied'),
(8, 8, 'occupied'),
(9, 9, 'occupied'),
(10, 10, 'occupied'),
(11, 11, 'occupied'),
(12, 12, 'occupied'),
(21, 14, 'occupied');

-- --------------------------------------------------------

--
-- Table structure for table `user`
--

CREATE TABLE `user` (
  `user_id` int(11) NOT NULL,
  `user_name` varchar(100) NOT NULL,
  `phone_number` varchar(15) DEFAULT NULL,
  `email` varchar(100) DEFAULT NULL,
  `password` text NOT NULL
) ENGINE=InnoDB DEFAULT CHARSET=utf8mb4 COLLATE=utf8mb4_general_ci;

--
-- Dumping data for table `user`
--

INSERT INTO `user` (`user_id`, `user_name`, `phone_number`, `email`, `password`) VALUES
(2, 'vu01', '0774303475', 'nguyenvu00304@gmail.com', '$2y$10$wbLfwustkWn9l9ptvZhih.Zw1lRbBAxWtQe9UmYxjh3jCUFvC7Mve'),
(3, 'vu02', '09378402378045', 'pimpompimpom4@gmail.com', '$2y$10$buj6FdOyU050oMJ/2.D4iuJms.WPjV0BrH5FxjovAfZ2GZXasweyW');

--
-- Indexes for dumped tables
--

--
-- Indexes for table `booking_history`
--
ALTER TABLE `booking_history`
  ADD PRIMARY KEY (`booking_id`),
  ADD KEY `user_id` (`user_id`);

--
-- Indexes for table `dishes`
--
ALTER TABLE `dishes`
  ADD PRIMARY KEY (`dish_id`);

--
-- Indexes for table `ingredient`
--
ALTER TABLE `ingredient`
  ADD PRIMARY KEY (`ingredient_id`);

--
-- Indexes for table `menu`
--
ALTER TABLE `menu`
  ADD PRIMARY KEY (`dish_id`);

--
-- Indexes for table `orders`
--
ALTER TABLE `orders`
  ADD PRIMARY KEY (`id`),
  ADD KEY `table_id` (`table_id`),
  ADD KEY `dish_id` (`dish_id`);

--
-- Indexes for table `order_history`
--
ALTER TABLE `order_history`
  ADD PRIMARY KEY (`order_id`),
  ADD KEY `table_id` (`table_id`),
  ADD KEY `dish_id` (`dish_id`);

--
-- Indexes for table `restaurant_table`
--
ALTER TABLE `restaurant_table`
  ADD PRIMARY KEY (`table_id`);

--
-- Indexes for table `user`
--
ALTER TABLE `user`
  ADD PRIMARY KEY (`user_id`);

--
-- AUTO_INCREMENT for dumped tables
--

--
-- AUTO_INCREMENT for table `booking_history`
--
ALTER TABLE `booking_history`
  MODIFY `booking_id` int(11) NOT NULL AUTO_INCREMENT;

--
-- AUTO_INCREMENT for table `dishes`
--
ALTER TABLE `dishes`
  MODIFY `dish_id` int(11) NOT NULL AUTO_INCREMENT;

--
-- AUTO_INCREMENT for table `ingredient`
--
ALTER TABLE `ingredient`
  MODIFY `ingredient_id` int(11) NOT NULL AUTO_INCREMENT;

--
-- AUTO_INCREMENT for table `menu`
--
ALTER TABLE `menu`
  MODIFY `dish_id` int(11) NOT NULL AUTO_INCREMENT, AUTO_INCREMENT=4;

--
-- AUTO_INCREMENT for table `orders`
--
ALTER TABLE `orders`
  MODIFY `id` int(11) NOT NULL AUTO_INCREMENT, AUTO_INCREMENT=40;

--
-- AUTO_INCREMENT for table `order_history`
--
ALTER TABLE `order_history`
  MODIFY `order_id` int(11) NOT NULL AUTO_INCREMENT;

--
-- AUTO_INCREMENT for table `restaurant_table`
--
ALTER TABLE `restaurant_table`
  MODIFY `table_id` int(11) NOT NULL AUTO_INCREMENT, AUTO_INCREMENT=22;

--
-- AUTO_INCREMENT for table `user`
--
ALTER TABLE `user`
  MODIFY `user_id` int(11) NOT NULL AUTO_INCREMENT, AUTO_INCREMENT=4;

--
-- Constraints for dumped tables
--

--
-- Constraints for table `booking_history`
--
ALTER TABLE `booking_history`
  ADD CONSTRAINT `booking_history_ibfk_1` FOREIGN KEY (`user_id`) REFERENCES `user` (`user_id`);

--
-- Constraints for table `orders`
--
ALTER TABLE `orders`
  ADD CONSTRAINT `orders_ibfk_1` FOREIGN KEY (`table_id`) REFERENCES `restaurant_table` (`table_id`),
  ADD CONSTRAINT `orders_ibfk_2` FOREIGN KEY (`dish_id`) REFERENCES `menu` (`dish_id`);

--
-- Constraints for table `order_history`
--
ALTER TABLE `order_history`
  ADD CONSTRAINT `order_history_ibfk_1` FOREIGN KEY (`table_id`) REFERENCES `restaurant_table` (`table_id`),
  ADD CONSTRAINT `order_history_ibfk_2` FOREIGN KEY (`dish_id`) REFERENCES `menu` (`dish_id`);
COMMIT;

/*!40101 SET CHARACTER_SET_CLIENT=@OLD_CHARACTER_SET_CLIENT */;
/*!40101 SET CHARACTER_SET_RESULTS=@OLD_CHARACTER_SET_RESULTS */;
/*!40101 SET COLLATION_CONNECTION=@OLD_COLLATION_CONNECTION */;
